,precision,recall,f1-score,support
proliferative,0.7618243243243243,0.38845822566752797,0.5145464917284654,1161.0
severe,0.11910669975186104,0.4050632911392405,0.1840843720038351,237.0
accuracy,0.39127324749642345,0.39127324749642345,0.39127324749642345,0.39127324749642345
macro avg,0.4404655120380927,0.3967607584033842,0.34931543186615027,1398.0
weighted avg,0.6528657570684776,0.39127324749642345,0.458523943534805,1398.0
