Accuracy,Precision,Recall,F1,Threshold
0.8240343347639485,0.4820717131474104,0.510548523206751,0.4959016393442623,0.3500000000000001
