{
    "best_threshold": 0.7400000000000004,
    "best_validation_accuracy": 0.8095644748078565
}